<?xml version="1.0" encoding="UTF-8"?>
<project-private xmlns="http://www.netbeans.org/ns/project-private/1">
    <editor-bookmarks xmlns="http://www.netbeans.org/ns/editor-bookmarks/2" lastBookmarkId="0"/>
    <open-files xmlns="http://www.netbeans.org/ns/projectui-open-files/2">
        <group>
            <file>file:/C:/Users/raymo/Documents/NetBeansProjects/IT4511_Project/src/java/ict/servlet/HandleEquipment.java</file>
            <file>file:/C:/Users/raymo/Documents/NetBeansProjects/IT4511_Project/src/java/ict/test/dropTable.java</file>
            <file>file:/C:/Users/raymo/Documents/NetBeansProjects/IT4511_Project/src/java/ict/test/addRecord.java</file>
            <file>file:/C:/Users/raymo/Documents/NetBeansProjects/IT4511_Project/src/java/ict/db/InventoryDB.java</file>
            <file>file:/C:/Users/raymo/Documents/NetBeansProjects/IT4511_Project/src/java/ict/db/EquipmentDB.java</file>
            <file>file:/C:/Users/raymo/Documents/NetBeansProjects/IT4511_Project/src/java/ict/test/createTable.java</file>
            <file>file:/C:/Users/raymo/Documents/NetBeansProjects/IT4511_Project/src/java/ict/db/RecordDB.java</file>
        </group>
    </open-files>
</project-private>
